TreeID,qLegalStatus,qSpecies,qAddress,SiteOrder,qSiteInfo,qCaretaker,PlantDate,year,DBH,PlotSize,Latitude,Longitude
39589,DPW Maintained,Archontophoenix cunninghamiana :: King Palm,1108 Rhode Island St,1,Sidewalk: Curb side : Cutout,Private,12/29/98,1998,8,,37.75583411,-122.4018195
36678,Permitted Site,Arecastrum romanzoffianum :: Queen Palm,99X ALBION ST,2,Sidewalk: Curb side : Cutout,Private,5/22/98,1998,16,3x3,37.76565186,-122.4231995
36677,Permitted Site,Arecastrum romanzoffianum :: Queen Palm,99X ALBION ST,5,Sidewalk: Curb side : Cutout,Private,5/22/98,1998,16,3x3,37.76565186,-122.4231995
97103,Undocumented,Arecastrum romanzoffianum :: Queen Palm,882 York St,1,Sidewalk: Curb side : Cutout,Private,4/27/07,2007,14,2x2,37.75792374,-122.4087309
82202,Permitted Site,Arecastrum romanzoffianum :: Queen Palm,3170-3172 25th St,1,Sidewalk: Curb side : Cutout,Private,1/8/08,2008,10,3x3,37.75101124,-122.4133106
120514,Undocumented,Arecastrum romanzoffianum :: Queen Palm,888 Brannan St,9,Sidewalk: Curb side : Cutout,Private,1/5/17,2017,3,3x3,37.77199994,-122.4052722
110980,Permitted Site,Brahea edulis :: Guadalupe Palm,1245 Alabama St,2,Sidewalk: Curb side : Cutout,Private,7/3/18,2018,3,3x3,37.75198892,-122.4107541
88563,DPW Maintained,Caryota maxima 'Himalaya' :: Himalayan Fishtail Palm,2100 Bay St,2,Sidewalk: Curb side : Cutout,Private,7/25/08,2008,14,3x3,37.80208546,-122.4418366
639,DPW Maintained,Chamaerops humilis :: Mediterranean Fan Palm,3203 24th St,3,Sidewalk: Curb side : Cutout,Private,4/1/91,1991,18,3X3,37.75228421,-122.4166028
27652,DPW Maintained,Chamaerops humilis :: Mediterranean Fan Palm,2830 Sloat Blvd,1,Median : Cutout,DPW,6/6/99,1999,12,4X4,37.7356291,-122.5045407
16245,DPW Maintained,Chamaerops humilis :: Mediterranean Fan Palm,601X Monterey Blvd,1,Median : Cutout,DPW,2/2/03,2003,12,5,37.73154558,-122.4494033
16311,DPW Maintained,Chamaerops humilis :: Mediterranean Fan Palm,700X Monterey Blvd,3,Median : Cutout,DPW,2/2/03,2003,3,5,37.73153217,-122.4515203
29708,DPW Maintained,Chamaerops humilis :: Mediterranean Fan Palm,1534X Guerrero St,3,Median : Cutout,DPW,3/30/06,2006,6,,37.74668575,-122.4223363
29707,DPW Maintained,Chamaerops humilis :: Mediterranean Fan Palm,1594X Guerrero St,2,Median : Cutout,DPW,3/30/06,2006,3,,37.74578548,-122.4222463
29706,DPW Maintained,Chamaerops humilis :: Mediterranean Fan Palm,1594X Guerrero St,1,Median : Cutout,DPW,3/30/06,2006,3,,37.74576048,-122.4222511
54528,DPW Maintained,Cordyline australis :: Dracena Palm,4650 Balboa St,1,Sidewalk: Curb side : Cutout,Private,7/31/72,1972,21,,37.77526946,-122.5089068
54767,DPW Maintained,Cordyline australis :: Dracena Palm,198 Nueva Ave,1,Sidewalk: Curb side : Cutout,Private,8/9/72,1972,7,3x3,37.71132839,-122.397397
57250,DPW Maintained,Cordyline australis :: Dracena Palm,115 Athens St,1,Sidewalk: Curb side : Cutout,Private,1/10/75,1975,12,,37.72602197,-122.4250402
62589,DPW Maintained,Cordyline australis :: Dracena Palm,3608 Balboa St,1,Sidewalk: Curb side : Cutout,Private,2/7/86,1986,5,,37.77577929,-122.4975876
65606,DPW Maintained,Cordyline australis :: Dracena Palm,142 Maynard St,1,Sidewalk: Curb side : Cutout,Private,2/6/90,1990,47,,37.72927979,-122.4272909
37118,DPW Maintained,Cordyline australis :: Dracena Palm,4542 Irving St,2,Sidewalk: Curb side : Cutout,Private,6/1/98,1998,3,,37.76232329,-122.5069127
38343,DPW Maintained,Cordyline australis :: Dracena Palm,1642 45th Ave,1,Sidewalk: Curb side : Cutout,Private,7/29/98,1998,6,,37.7559419,-122.5044579
38375,DPW Maintained,Cordyline australis :: Dracena Palm,3809 Noriega St,1,Sidewalk: Curb side : Cutout,Private,8/3/98,1998,2,,37.75289716,-122.5045826
41215,DPW Maintained,Cordyline australis :: Dracena Palm,1410 Jefferson St,1,Sidewalk: Curb side : Cutout,Private,11/30/99,1999,3,,37.80574217,-122.4358104
48773,DPW Maintained,Cordyline australis :: Dracena Palm,7777 Geary Blvd,1,Sidewalk: Curb side : Cutout,Private,10/22/02,2002,20,,37.77914986,-122.5028242
51296,DPW Maintained,Cordyline australis :: Dracena Palm,400 Kansas St,2,Sidewalk: Curb side : Cutout,Private,9/2/04,2004,6,,37.76446053,-122.4036176
29709,DPW Maintained,Cordyline australis :: Dracena Palm,1594X Guerrero St,4,Median : Cutout,DPW,3/30/06,2006,6,,37.74588167,-122.4222597
53009,DPW Maintained,Cordyline australis :: Dracena Palm,3560 JEFFERSON Baker St,3,Sidewalk: Curb side : Cutout,Private,8/23/06,2006,38,,37.80410622,-122.4469593
29982,DPW Maintained,Cordyline australis :: Dracena Palm,1622X Guerrero St,3,Median : Cutout,DPW,3/24/07,2007,3,3x3,37.74525743,-122.4222159
29981,DPW Maintained,Cordyline australis :: Dracena Palm,1622X Guerrero St,2,Median : Cutout,DPW,3/24/07,2007,3,3x3,37.74522954,-122.4222183
29993,DPW Maintained,Cordyline australis :: Dracena Palm,681X San Jose Ave,8,Median : Cutout,DPW,3/24/07,2007,3,3x3,37.74483422,-122.4223472
29994,DPW Maintained,Cordyline australis :: Dracena Palm,681X San Jose Ave,9,Median : Cutout,DPW,3/24/07,2007,3,3x3,37.74485635,-122.4223387
81429,DPW Maintained,Cordyline australis :: Dracena Palm,1307-1307 48th Ave,1,Sidewalk: Curb side : Cutout,Private,1/24/08,2008,2,3x3,37.76196782,-122.5082604
89494,DPW Maintained,Cordyline australis :: Dracena Palm,4424 Anza St,1,Median : Cutout,DPW,3/26/08,2008,3,3x3,37.77773367,-122.4957963
89517,DPW Maintained,Cordyline australis :: Dracena Palm,4800X Anza St,1,Median : Cutout,DPW,3/26/08,2008,3,3x3,37.77754785,-122.4998283
89523,DPW Maintained,Cordyline australis :: Dracena Palm,4840X Anza St,2,Median : Cutout,DPW,3/26/08,2008,3,3x3,37.77752291,-122.5003625
89537,DPW Maintained,Cordyline australis :: Dracena Palm,5200 Anza St,2,Median : Cutout,DPW,3/26/08,2008,3,3x3,37.77735749,-122.5040753
89536,DPW Maintained,Cordyline australis :: Dracena Palm,5200 Anza St,1,Median : Cutout,DPW,3/26/08,2008,3,3x3,37.77735929,-122.5040108
89542,DPW Maintained,Cordyline australis :: Dracena Palm,5300X Anza St,2,Median : Cutout,DPW,3/26/08,2008,3,3x3,37.77730417,-122.5052268
89570,DPW Maintained,Cordyline australis :: Dracena Palm,4935 Anza St,1,Median : Cutout,DPW,3/27/08,2008,3,3x3,37.77733252,-122.5013056
89568,DPW Maintained,Cordyline australis :: Dracena Palm,4939 Anza St,1,Median : Cutout,DPW,3/27/08,2008,3,3x3,37.77736059,-122.5010791
89567,DPW Maintained,Cordyline australis :: Dracena Palm,4949X Anza St,1,Median : Cutout,DPW,3/27/08,2008,3,3x3,37.77735577,-122.501182
89561,DPW Maintained,Cordyline australis :: Dracena Palm,5033 Anza St,1,Median : Cutout,DPW,3/27/08,2008,3,3x3,37.77731367,-122.5020907
89549,DPW Maintained,Cordyline australis :: Dracena Palm,5601 Anza St,2,Median : Cutout,DPW,3/27/08,2008,3,3x3,37.77700759,-122.5085059
92418,DPW Maintained,Cordyline australis :: Dracena Palm,1242 38th Ave,1,Sidewalk: Curb side : Cutout,Private,7/29/09,2009,3,3x3,37.76372021,-122.4974864
46970,DPW Maintained,Cordyline australis :: Dracena Palm,1682 44th Ave,1,Sidewalk: Curb side : Cutout,Private,12/9/10,2010,3,3x3,37.75528771,-122.5033402
31944,Permitted Site,Cordyline australis :: Dracena Palm,4739X Irving St,2,Sidewalk: Curb side : Cutout,Private,1/25/11,2011,3,3x3,37.76208558,-122.508925
73619,DPW Maintained,Cordyline australis :: Dracena Palm,3743-3743 Balboa St,1,Sidewalk: Curb side : Cutout,Private,8/22/11,2011,8,,37.77555555,-122.4990974
54955,DPW Maintained,Cordyline australis :: Dracena Palm,1559 44th Ave,1,Sidewalk: Curb side : Cutout,Private,9/18/12,2012,2,,37.75757164,-122.5036533
35004,DPW Maintained,Cordyline australis :: Dracena Palm,3512 Balboa St,2,Sidewalk: Curb side : Cutout,Private,4/1/13,2013,3,,37.77582945,-122.4964946
104238,DPW Maintained,Cordyline australis :: Dracena Palm,169 Delta St,1,Sidewalk: Curb side : Cutout,Private,9/10/13,2013,3,3x3,37.71618613,-122.4081021
104239,DPW Maintained,Cordyline australis :: Dracena Palm,169 Delta St,2,Sidewalk: Curb side : Cutout,Private,9/10/13,2013,13,3x3,37.71622134,-122.4080851
103416,Permitted Site,Cordyline australis :: Dracena Palm,1500 Ulloa St,5,Sidewalk: Curb side : Cutout,Private,12/29/14,2014,3,,37.74139954,-122.4723695
108600,Permitted Site,Cordyline australis :: Dracena Palm,47 Manchester St,2,Sidewalk: Curb side : Cutout,Private,12/29/14,2014,3,3x3,37.7459832,-122.4141888
109272,Permitted Site,Cordyline australis :: Dracena Palm,93X Inverness Dr,1,Sidewalk: Curb side : Cutout,Private,2/5/15,2015,3,3x3,37.73334926,-122.4828204
122626,Planning Code 138.1 required,Cordyline australis :: Dracena Palm,330 Country Club Dr,1,Sidewalk: Property side : Cutout,Private,11/15/16,2016,3,3x5,37.73300093,-122.4956005
253127,DPW Maintained,Cordyline australis :: Dracena Palm,1639 45th Ave,1,Sidewalk: Curb side : Cutout,Private,7/20/17,2017,3,3x3,37.75600282,-122.5046115
203654,DPW Maintained,Cordyline australis :: Dracena Palm,42 Mangels Ave,5,Sidewalk: Property side : Yard,Private,8/14/17,2017,3,Width 8ft,37.73315228,-122.4386823
208471,DPW Maintained,Cordyline australis :: Dracena Palm,1175 Kirkham St,1,Sidewalk: Curb side : Cutout,Private,8/23/17,2017,3,Width 2ft,37.75989512,-122.4735278
254537,Significant Tree,Cordyline australis :: Dracena Palm,737 Buena Vista Ave West,3,Front Yard : Yard,Private,2/27/18,2018,3,10X10,37.76804925,-122.443608
253426,DPW Maintained,Cordyline australis :: Dracena Palm,2 09th Ave,4,Sidewalk: Curb side : Cutout,Private,3/27/18,2018,3,3x3,37.78669472,-122.4677265
182904,Permitted Site,Cordyline australis :: Dracena Palm,2958 Sloat Blvd,1,Sidewalk: Curb side : Cutout,Private,1/7/19,2019,3,Width 0ft,37.73562559,-122.5057461
258210,Permitted Site,Cordyline australis :: Dracena Palm,1847 43rd Ave,,Sidewalk: Curb side : Cutout,Private,4/17/19,2019,3,3x3,37.75222364,-122.5021985
258507,Permitted Site,Cordyline australis :: Dracena Palm,1929 48th Ave,,Sidewalk: Curb side : Cutout,Private,5/24/19,2019,3,3x3,37.75044392,-122.5074467
261531,DPW Maintained,Cordyline australis :: Dracena Palm,601 44th Ave,2,Sidewalk: Curb side : Cutout,Private,1/16/20,2020,3,Width 4ft,37.77698955,-122.5050158
107439,DPW Maintained,Howea forsteriana :: Kentia Palm,2770 Green St,1,Sidewalk: Curb side : Cutout,Private,9/8/14,2014,3,,37.79503339,-122.4446512
113076,DPW Maintained,Howea forsteriana :: Kentia Palm,3456 Baker St,2,Sidewalk: Curb side : Cutout,Private,12/14/15,2015,6,3x3,37.80295414,-122.4467419
50001,Permitted Site,Palm (unknown Genus) :: Palm Spp,1101X 19th St,4,Sidewalk: Curb side : Cutout,Private,7/25/03,2003,12,3x3,37.76141633,-122.3934961
5446,DPW Maintained,Phoenix canariensis :: Canary Island Date Palm,500X Dolores St,14,Median : Cutout,DPW,3/20/90,1990,90,6,37.76141276,-122.4261813
25500,DPW Maintained,Phoenix canariensis :: Canary Island Date Palm,1745X Market St,5,Median : Cutout,DPW,4/1/93,1993,24,20,37.77240684,-122.4227718
25503,DPW Maintained,Phoenix canariensis :: Canary Island Date Palm,1900X Market St,3,Median : Cutout,DPW,4/1/93,1993,36,8,37.77024805,-122.4254818
25501,DPW Maintained,Phoenix canariensis :: Canary Island Date Palm,1900X Market St,1,Median : Cutout,DPW,4/1/93,1993,36,8,37.77035002,-122.4253557
25507,DPW Maintained,Phoenix canariensis :: Canary Island Date Palm,1998X Market St,7,Median : Cutout,DPW,4/1/93,1993,36,8,37.76966341,-122.4263625
25519,DPW Maintained,Phoenix canariensis :: Canary Island Date Palm,2100X Market St,6,Median : Cutout,DPW,4/1/93,1993,36,10,37.76681705,-122.4297887
25516,DPW Maintained,Phoenix canariensis :: Canary Island Date Palm,2190X Market St,3,Median : Cutout,DPW,4/1/93,1993,36,10,37.76624732,-122.4305194
25537,DPW Maintained,Phoenix canariensis :: Canary Island Date Palm,2200X Market St,3,Median : Cutout,DPW,4/1/93,1993,36,20,37.76522364,-122.4318009
25539,DPW Maintained,Phoenix canariensis :: Canary Island Date Palm,2200X Market St,5,Median : Cutout,DPW,4/1/93,1993,36,20,37.76504358,-122.4320389
25540,DPW Maintained,Phoenix canariensis :: Canary Island Date Palm,2200X Market St,6,Median : Cutout,DPW,4/1/93,1993,36,20,37.76498181,-122.4321136
25530,DPW Maintained,Phoenix canariensis :: Canary Island Date Palm,2300X Market St,5,Median : Cutout,DPW,4/1/93,1993,36,10,37.7635127,-122.4339696
25534,DPW Maintained,Phoenix canariensis :: Canary Island Date Palm,2300X Market St,9,Median : Cutout,DPW,4/1/93,1993,36,10,37.76325553,-122.4343117
25527,DPW Maintained,Phoenix canariensis :: Canary Island Date Palm,2300X Market St,2,Median : Cutout,DPW,4/1/93,1993,36,10,37.76371934,-122.4337367
27852,Permitted Site,Phoenix canariensis :: Canary Island Date Palm,100 The Embarcadero,7,Median : Cutout,Port,7/15/94,1994,12,3X3,37.78053754,-122.3888809
27845,Permitted Site,Phoenix canariensis :: Canary Island Date Palm,280 The Embarcadero,6,Median : Cutout,Port,7/15/94,1994,36,,37.79748662,-122.3958332
27842,Permitted Site,Phoenix canariensis :: Canary Island Date Palm,280 The Embarcadero,3,Median : Cutout,Port,7/15/94,1994,36,,37.79748662,-122.3958332
27827,Permitted Site,Phoenix canariensis :: Canary Island Date Palm,280 The Embarcadero,1,Median : Cutout,Port,7/15/94,1994,36,,37.79748662,-122.3958332
27841,Permitted Site,Phoenix canariensis :: Canary Island Date Palm,280 The Embarcadero,2,Median : Cutout,Port,7/15/94,1994,36,,37.79748662,-122.3958332
27846,Permitted Site,Phoenix canariensis :: Canary Island Date Palm,280 The Embarcadero,7,Median : Cutout,Port,7/15/94,1994,36,,37.79748662,-122.3958332
25731,Permitted Site,Phoenix canariensis :: Canary Island Date Palm,501X The Embarcadero,1,Median : Cutout,Port,8/15/96,1996,16,10,37.79918023,-122.397766
25744,Permitted Site,Phoenix canariensis :: Canary Island Date Palm,801X The Embarcadero,9,Median : Cutout,Port,8/15/96,1996,24,10,37.80207103,-122.4004557
25738,Permitted Site,Phoenix canariensis :: Canary Island Date Palm,801X The Embarcadero,3,Median : Cutout,Port,8/15/96,1996,24,10,37.80207103,-122.4004557
25745,Permitted Site,Phoenix canariensis :: Canary Island Date Palm,801X The Embarcadero,10,Median : Cutout,Port,8/15/96,1996,24,10,37.80207103,-122.4004557
25747,Permitted Site,Phoenix canariensis :: Canary Island Date Palm,1101X The Embarcadero,2,Median : Cutout,Port,8/30/96,1996,36,10,37.80402286,-122.4020604
25802,Permitted Site,Phoenix canariensis :: Canary Island Date Palm,1300X The Embarcadero,4,Median : Cutout,Port,8/30/96,1996,36,10,37.80608845,-122.4043754
25801,Permitted Site,Phoenix canariensis :: Canary Island Date Palm,1300X The Embarcadero,3,Median : Cutout,Port,8/30/96,1996,36,10,37.80608845,-122.4043754
25748,Permitted Site,Phoenix canariensis :: Canary Island Date Palm,1301X The Embarcadero,1,Median : Cutout,Port,8/30/96,1996,36,10,37.80585432,-122.404737
25749,Permitted Site,Phoenix canariensis :: Canary Island Date Palm,1301X The Embarcadero,2,Median : Cutout,Port,8/30/96,1996,36,10,37.80585432,-122.404737
25783,DPW Maintained,Phoenix canariensis :: Canary Island Date Palm,500X The Embarcadero,2,Median : Cutout,Port,8/30/96,1996,36,10,37.79722323,-122.3958078
25793,Permitted Site,Phoenix canariensis :: Canary Island Date Palm,800X The Embarcadero,7,Median : Cutout,Port,8/30/96,1996,36,10,37.80219354,-122.40036
25787,Permitted Site,Phoenix canariensis :: Canary Island Date Palm,800X The Embarcadero,1,Median : Cutout,Port,8/30/96,1996,36,10,37.80375563,-122.4017479
25792,Permitted Site,Phoenix canariensis :: Canary Island Date Palm,800X The Embarcadero,6,Median : Cutout,Port,8/30/96,1996,36,10,37.80239814,-122.4005366
25788,Permitted Site,Phoenix canariensis :: Canary Island Date Palm,800X The Embarcadero,2,Median : Cutout,Port,8/30/96,1996,36,10,37.8035371,-122.4015484
26535,DPW Maintained,Phoenix canariensis :: Canary Island Date Palm,198 Dolores St,15,Median : Cutout,DPW,6/23/97,1997,70,20,37.76624081,-122.4266243
26536,DPW Maintained,Phoenix canariensis :: Canary Island Date Palm,794X Dolores St,3,Median : Cutout,DPW,6/23/97,1997,50,20,37.75665437,-122.4257503
27784,Permitted Site,Phoenix canariensis :: Canary Island Date Palm,399X The Embarcadero,7,Median : Cutout,Port,12/1/00,2000,20,,37.79825983,-122.3970765
27780,Permitted Site,Phoenix canariensis :: Canary Island Date Palm,399X The Embarcadero,3,Median : Cutout,Port,12/1/00,2000,24,,37.79825983,-122.3970765
27766,Permitted Site,Phoenix canariensis :: Canary Island Date Palm,399X The Embarcadero,1,Median : Cutout,Port,12/1/00,2000,24,,37.79825983,-122.3970765
27782,Permitted Site,Phoenix canariensis :: Canary Island Date Palm,399X The Embarcadero,5,Median : Cutout,Port,12/1/00,2000,24,,37.79825983,-122.3970765
26030,DPW Maintained,Phoenix canariensis :: Canary Island Date Palm,450X The Embarcadero,2,Median : Cutout,Port,12/1/00,2000,36,10,37.79615925,-122.395049
26028,Permitted Site,Phoenix canariensis :: Canary Island Date Palm,599X The Embarcadero,4,Median : Cutout,Port,12/1/00,2000,36,4X4,37.8008488,-122.3992317
26025,Permitted Site,Phoenix canariensis :: Canary Island Date Palm,599X The Embarcadero,1,Median : Cutout,Port,12/1/00,2000,36,4X4,37.8008488,-122.3992317
26022,Permitted Site,Phoenix canariensis :: Canary Island Date Palm,899X The Embarcadero,6,Median : Cutout,Port,12/1/00,2000,36,10,37.80266991,-122.4009854
26021,Permitted Site,Phoenix canariensis :: Canary Island Date Palm,899X The Embarcadero,5,Median : Cutout,Port,12/1/00,2000,36,10,37.80266991,-122.4009854
25683,Permitted Site,Phoenix canariensis :: Canary Island Date Palm,100 The Embarcadero,1,Median : Cutout,Port,12/18/00,2000,12,3X3,37.78156442,-122.3884113
25679,Permitted Site,Phoenix canariensis :: Canary Island Date Palm,350X The Embarcadero,3,Median : Cutout,Port,12/18/00,2000,36,15,37.79806025,-122.3963595
25677,Permitted Site,Phoenix canariensis :: Canary Island Date Palm,350X The Embarcadero,1,Median : Cutout,Port,12/18/00,2000,36,15,37.79806025,-122.3963595
25672,DPW Maintained,Phoenix canariensis :: Canary Island Date Palm,450X The Embarcadero,5,Median : Cutout,Port,12/18/00,2000,36,15,37.79645194,-122.3953131
25647,Permitted Site,Phoenix canariensis :: Canary Island Date Palm,550X The Embarcadero,5,Median : Cutout,Port,12/18/00,2000,36,15,37.8001865,-122.3982208
25635,Permitted Site,Phoenix canariensis :: Canary Island Date Palm,650X The Embarcadero,4,Median : Cutout,Port,12/18/00,2000,36,15,37.80136339,-122.3992754
25628,DPW Maintained,Phoenix canariensis :: Canary Island Date Palm,650 The Embarcadero,1,Sidewalk: Curb side : Cutout,Port,12/18/00,2000,12,4X4,37.79637551,-122.3954572
27870,Permitted Site,Phoenix canariensis :: Canary Island Date Palm,800 The Embarcadero,5,Median : Cutout,Port,1/31/01,2001,24,4X4,37.79282941,-122.3914847
27943,Permitted Site,Phoenix canariensis :: Canary Island Date Palm,699 The Embarcadero,4,Median : Cutout,Port,2/1/01,2001,24,,37.80144464,-122.3999017
27934,Permitted Site,Phoenix canariensis :: Canary Island Date Palm,799 The Embarcadero,6,Median : Cutout,Port,2/1/01,2001,24,10,37.8020588,-122.4004449
27932,Permitted Site,Phoenix canariensis :: Canary Island Date Palm,799 The Embarcadero,4,Median : Cutout,Port,2/1/01,2001,24,10,37.8020588,-122.4004449
27929,Permitted Site,Phoenix canariensis :: Canary Island Date Palm,799 The Embarcadero,1,Median : Cutout,Port,2/1/01,2001,24,10,37.8020588,-122.4004449
27946,Permitted Site,Phoenix canariensis :: Canary Island Date Palm,999 The Embarcadero,3,Median : Cutout,Port,2/1/01,2001,24,4X4,37.80328406,-122.4015285
27945,Permitted Site,Phoenix canariensis :: Canary Island Date Palm,999 The Embarcadero,2,Median : Cutout,Port,2/1/01,2001,24,4X4,37.80328406,-122.4015285
27950,Permitted Site,Phoenix canariensis :: Canary Island Date Palm,999 The Embarcadero,7,Median : Cutout,Port,2/1/01,2001,24,4X4,37.80328406,-122.4015285
28032,Permitted Site,Phoenix canariensis :: Canary Island Date Palm,100 The Embarcadero,12,Median : Cutout,Port,2/5/01,2001,24,4X4,37.79545113,-122.3943423
28031,Permitted Site,Phoenix canariensis :: Canary Island Date Palm,100 The Embarcadero,11,Median : Cutout,Port,2/5/01,2001,24,4X4,37.79552179,-122.3943966
28024,Permitted Site,Phoenix canariensis :: Canary Island Date Palm,100 The Embarcadero,4,Median : Cutout,Port,2/5/01,2001,24,4X4,37.79617569,-122.3950669
28029,Permitted Site,Phoenix canariensis :: Canary Island Date Palm,100 The Embarcadero,9,Median : Cutout,Port,2/5/01,2001,24,4X4,37.79564231,-122.3945011
27998,Permitted Site,Phoenix canariensis :: Canary Island Date Palm,300 The Embarcadero,2,Median : Cutout,Port,2/5/01,2001,24,4X4,37.79765286,-122.3959858
27959,Permitted Site,Phoenix canariensis :: Canary Island Date Palm,307X The Embarcadero,3,Median : Cutout,Port,2/5/01,2001,18,,37.79749854,-122.3964042
5557,DPW Maintained,Phoenix canariensis :: Canary Island Date Palm,977 Dolores St,1,Sidewalk: Curb side : Cutout,DPW,10/26/06,2006,32,3x3,37.75378805,-122.4251927
96683,DPW Maintained,Phoenix canariensis :: Canary Island Date Palm,375@32nd Ave 32nd Ave,5,Sidewalk: Property side : Cutout,Private,6/28/11,2011,28,,37.78224849,-122.4925337
69360,DPW Maintained,Phoenix dactylifera :: Date Palm,1695 North Point St,1,Sidewalk: Curb side : Cutout,Private,4/18/94,1994,4,,37.80376947,-122.4350084
25081,DPW Maintained,Phoenix dactylifera :: Date Palm,1200X Dolores St,1,Median : Cutout,DPW,10/3/12,2012,20,20,37.75007106,-122.4249875
25029,DPW Maintained,Phoenix spp :: Date palm (species unknown),700X Dolores St,4,Median : Cutout,DPW,6/23/97,1997,70,20,37.7579534,-122.4257556
60384,DPW Maintained,Prunus domestica 'Mariposa' :: Mariposa Plum,1400 Palou Ave,1,Sidewalk: Curb side : Cutout,Private,10/26/82,1982,4,,37.73203368,-122.387308
87840,DPW Maintained,Prunus domestica 'Mariposa' :: Mariposa Plum,150 Golden Gate Ave,1,Sidewalk: Curb side : Cutout,Private,6/6/08,2008,5,3x3,37.78203231,-122.4130851
59216,Permitted Site,Syagrus romanzoffianum :: Queen Palm,42 Landers St,1,Sidewalk: Curb side : Cutout,Private,6/13/83,1983,16,3x3,37.7671114,-122.4278899
62590,DPW Maintained,Syagrus romanzoffianum :: Queen Palm,3550 Cabrillo St,1,Sidewalk: Curb side : Cutout,Private,2/7/86,1986,12,,37.77394744,-122.496739
62605,DPW Maintained,Syagrus romanzoffianum :: Queen Palm,799 37th Ave,1,Sidewalk: Curb side : Cutout,Private,2/7/86,1986,14,,37.77400639,-122.4971142
59260,DPW Maintained,Syagrus romanzoffianum :: Queen Palm,1400 Polk St,1,Sidewalk: Curb side : Cutout,Private,3/13/90,1990,8,,37.78974814,-122.4204377
68083,DPW Maintained,Syagrus romanzoffianum :: Queen Palm,406 Capistrano Ave,1,Sidewalk: Curb side : Cutout,Private,5/24/94,1994,14,,37.72538232,-122.4389067
4224,DPW Maintained,Syagrus romanzoffianum :: Queen Palm,3978 Cesar Chavez St,1,Sidewalk: Curb side : Cutout,Private,4/15/95,1995,3,3X3,37.74765561,-122.4287074
15689,DPW Maintained,Syagrus romanzoffianum :: Queen Palm,4199 Mission St,2,Sidewalk: Curb side : Cutout,Private,5/4/95,1995,3,3X3,37.73019859,-122.4297089
24916,DPW Maintained,Syagrus romanzoffianum :: Queen Palm,3180 San Bruno Ave,1,Sidewalk: Curb side : Cutout,Private,3/14/96,1996,16,2X3,37.7219204,-122.4013296
24893,DPW Maintained,Syagrus romanzoffianum :: Queen Palm,3195 San Bruno Ave,1,Sidewalk: Curb side : Cutout,Private,3/14/96,1996,18,2X3,37.721902,-122.4011274
33863,DPW Maintained,Syagrus romanzoffianum :: Queen Palm,281 Clara St,2,Sidewalk: Curb side : Cutout,Private,2/12/97,1997,9,,37.77803713,-122.4040964
34193,DPW Maintained,Syagrus romanzoffianum :: Queen Palm,353 Mississippi St,1,Sidewalk: Curb side : Cutout,Private,6/10/97,1997,11,,37.76166879,-122.3944055
34980,Permitted Site,Syagrus romanzoffianum :: Queen Palm,204 Fair Oaks St,1,Sidewalk: Curb side : Cutout,Private,12/18/97,1997,6,4.5x6,37.75338898,-122.4242158
35339,DPW Maintained,Syagrus romanzoffianum :: Queen Palm,740 Arkansas St,1,Sidewalk: Curb side : Cutout,Private,2/23/98,1998,9,,37.75663725,-122.3979702
16686,DPW Maintained,Syagrus romanzoffianum :: Queen Palm,250X Noe St,2,Median : Cutout,DPW,6/6/98,1998,3,3X3,37.76508484,-122.4331811
40002,DPW Maintained,Syagrus romanzoffianum :: Queen Palm,881 Innes Ave,1,Sidewalk: Curb side : Cutout,Private,2/3/99,1999,8,,37.73172156,-122.3754563
40575,DPW Maintained,Syagrus romanzoffianum :: Queen Palm,1745 Alameda St,8,Sidewalk: Curb side : Cutout,Private,6/20/00,2000,16,,37.76862793,-122.4022528
42979,DPW Maintained,Syagrus romanzoffianum :: Queen Palm,308 Oxford St,1,Sidewalk: Curb side : Cutout,Private,7/5/00,2000,10,,37.72596423,-122.4193796
24858,DPW Maintained,Syagrus romanzoffianum :: Queen Palm,2500 San Bruno Ave,2,Sidewalk: Curb side : Cutout,DPW,11/16/01,2001,20,3X4,37.72981276,-122.404582
245344,DPW Maintained,Syagrus romanzoffianum :: Queen Palm,1005 Noe St,1,Sidewalk: Curb side : Cutout,Private,8/22/02,2002,16,Width 3ft,37.7528651,-122.4319145
50008,DPW Maintained,Syagrus romanzoffianum :: Queen Palm,400 Pennsylvania Ave,2,Sidewalk: Curb side : Cutout,Private,7/25/03,2003,12,3x3,37.76127439,-122.3936013
40579,DPW Maintained,Syagrus romanzoffianum :: Queen Palm,1745 Alameda St,4,Sidewalk: Curb side : Cutout,Private,10/9/03,2003,14,,37.76860108,-122.402542
40602,DPW Maintained,Syagrus romanzoffianum :: Queen Palm,1745 Alameda St,6,Sidewalk: Curb side : Cutout,Private,10/9/03,2003,15,,37.76861182,-122.4023887
18470,DPW Maintained,Syagrus romanzoffianum :: Queen Palm,1221 Potrero Ave,1,Sidewalk: Curb side : Cutout,Private,11/21/03,2003,12,3X3,37.75268334,-122.406155
41630,DPW Maintained,Syagrus romanzoffianum :: Queen Palm,175 Bluxome St,1,Sidewalk: Curb side : Cutout,Private,5/2/05,2005,11,,37.77425303,-122.4000291
51830,DPW Maintained,Syagrus romanzoffianum :: Queen Palm,75 Dore St,1,Sidewalk: Curb side : Cutout,Private,7/13/05,2005,15,,37.77341973,-122.4123231
51826,DPW Maintained,Syagrus romanzoffianum :: Queen Palm,75 Dore St,4,Sidewalk: Curb side : Cutout,Private,7/13/05,2005,15,,37.77353417,-122.4124629
45779,DPW Maintained,Syagrus romanzoffianum :: Queen Palm,1033 Polk St,1,Sidewalk: Curb side : Cutout,Private,8/19/05,2005,13,,37.7864623,-122.4199504
85361,DPW Maintained,Syagrus romanzoffianum :: Queen Palm,30 Dore St,3,Sidewalk: Curb side : Cutout,Private,8/17/07,2007,12,,37.77398403,-122.4131851
95130,DPW Maintained,Syagrus romanzoffianum :: Queen Palm,2200 Beach St,5,Sidewalk: Curb side : Cutout,Private,1/8/08,2008,12,,37.80351252,-122.445577
28703,Permitted Site,Syagrus romanzoffianum :: Queen Palm,3004 San Bruno Ave,1,Sidewalk: Curb side : Cutout,Private,4/28/08,2008,16,3x3,37.72360529,-122.4020222
28704,DPW Maintained,Syagrus romanzoffianum :: Queen Palm,3004 San Bruno Ave,2,Sidewalk: Curb side : Cutout,Private,4/28/08,2008,16,3x3,37.7237374,-122.402066
28672,DPW Maintained,Syagrus romanzoffianum :: Queen Palm,3100 San Bruno Ave,1,Sidewalk: Curb side : Cutout,Private,4/28/08,2008,16,3x3,37.7226823,-122.4016327
83272,DPW Maintained,Syagrus romanzoffianum :: Queen Palm,2567 46th Ave,1,Sidewalk: Curb side : Cutout,Private,6/9/08,2008,3,3x3,37.73864071,-122.504472
89357,DPW Maintained,Syagrus romanzoffianum :: Queen Palm,228 Connecticut St,1,Sidewalk: Curb side : Cutout,Private,11/18/08,2008,15,3x3,37.76337271,-122.3976824
103821,DPW Maintained,Syagrus romanzoffianum :: Queen Palm,1032 Polk St,1,Sidewalk: Curb side : Cutout,Private,11/1/09,2009,3,3x3,37.78647719,-122.4197706
103798,Permitted Site,Syagrus romanzoffianum :: Queen Palm,1157 Polk St,1,Sidewalk: Curb side : Cutout,Private,11/1/09,2009,3,3x3,37.78751833,-122.4200678
103771,DPW Maintained,Syagrus romanzoffianum :: Queen Palm,1288 Polk St,5,Sidewalk: Curb side : Cutout,DPW,11/1/09,2009,3,3x3,37.78846196,-122.4200998
103769,DPW Maintained,Syagrus romanzoffianum :: Queen Palm,1301 Polk St,1,Sidewalk: Curb side : Pot,DPW,11/1/09,2009,3,3x3,37.78893866,-122.420532
103770,DPW Maintained,Syagrus romanzoffianum :: Queen Palm,1301 Polk St,2,Sidewalk: Curb side : Pot,DPW,11/1/09,2009,3,3x3,37.78893866,-122.420532
103871,DPW Maintained,Syagrus romanzoffianum :: Queen Palm,1401 Polk St,1,Sidewalk: Curb side : Pot,DPW,11/1/09,2009,3,3x3,37.78975317,-122.420697
103870,DPW Maintained,Syagrus romanzoffianum :: Queen Palm,1406 Polk St,1,Sidewalk: Curb side : Pot,DPW,11/1/09,2009,3,3x3,37.78973715,-122.4207866
103858,DPW Maintained,Syagrus romanzoffianum :: Queen Palm,1475 Polk St,2,Sidewalk: Curb side : Pot,DPW,11/1/09,2009,3,3x3,37.79031588,-122.4207182
103857,DPW Maintained,Syagrus romanzoffianum :: Queen Palm,1475 Polk St,1,Sidewalk: Curb side : Pot,DPW,11/1/09,2009,3,3x3,37.79038409,-122.4207241
103841,DPW Maintained,Syagrus romanzoffianum :: Queen Palm,1545 Polk St,1,Sidewalk: Curb side : Pot,DPW,11/1/09,2009,3,3x3,37.79123655,-122.4209974
142833,DPW Maintained,Syagrus romanzoffianum :: Queen Palm,1549 POLK ST,1,Sidewalk: Curb side : Pot,DPW,11/1/09,2009,9,Width 0ft,37.79120237,-122.4209001
98582,DPW Maintained,Syagrus romanzoffianum :: Queen Palm,1X Palm Ave,1,Sidewalk: Curb side : Cutout,Private,2/29/12,2012,12,3x3,37.78566141,-122.4581413
96661,DPW Maintained,Syagrus romanzoffianum :: Queen Palm,1400X Mendell St,1,Sidewalk: Curb side : Cutout,DPW,6/26/12,2012,6,3x3,37.73450987,-122.3904961
100791,Undocumented,Syagrus romanzoffianum :: Queen Palm,1221 Harrison St,1,Sidewalk: Curb side : Cutout,Private,9/10/12,2012,2,3x3,37.77333839,-122.4089643
38160,Permitted Site,Syagrus romanzoffianum :: Queen Palm,48 Holyoke St,1,Sidewalk: Curb side : Cutout,Private,12/24/14,2014,3,,37.73045929,-122.4103389
109139,DPW Maintained,Syagrus romanzoffianum :: Queen Palm,741 34th Ave,1,Sidewalk: Curb side : Cutout,Private,1/29/15,2015,3,3x3,37.77501223,-122.4941202
70674,DPW Maintained,Syagrus romanzoffianum :: Queen Palm,33 Rausch St,2,Sidewalk: Curb side : Cutout,Private,5/1/15,2015,3,,37.77668868,-122.4099074
115357,Planning Code 138.1 required,Syagrus romanzoffianum :: Queen Palm,270 Ocean Ave,1,Sidewalk: Curb side : Cutout,Private,1/27/16,2016,3,3x6,37.72324378,-122.4424904
26183,DPW Maintained,Syagrus romanzoffianum :: Queen Palm,480 Castro St,3,Sidewalk: Curb side : Cutout,DPW,9/14/21,2021,3,3x3,37.76107059,-122.4351332
57900,DPW Maintained,Trachycarpus fortunei :: Windmill Palm,1324 Hayes St,1,Sidewalk: Curb side : Cutout,Private,6/9/77,1977,5,,37.77501284,-122.4382793
63197,DPW Maintained,Trachycarpus fortunei :: Windmill Palm,472 37th Ave,1,Sidewalk: Curb side : Cutout,Private,12/18/86,1986,14,,37.7799495,-122.4975445
65602,DPW Maintained,Trachycarpus fortunei :: Windmill Palm,114 Maynard St,1,Sidewalk: Curb side : Cutout,Private,2/6/90,1990,13,,37.7292525,-122.4278776
4167,DPW Maintained,Trachycarpus fortunei :: Windmill Palm,3781 Cesar Chavez St,1,Sidewalk: Curb side : Cutout,DPW,1/4/93,1993,12,3X3,37.74779535,-122.424298
34081,Permitted Site,Trachycarpus fortunei :: Windmill Palm,240 SHOTWELL ST,4,Sidewalk: Curb side : Cutout,Private,7/5/97,1997,6,3x3,37.76475112,-122.4164385
4166,DPW Maintained,Trachycarpus fortunei :: Windmill Palm,3771 Cesar Chavez St,1,Sidewalk: Curb side : Cutout,DPW,10/18/99,1999,3,3X3,37.74781328,-122.4241188
43754,DPW Maintained,Trachycarpus fortunei :: Windmill Palm,367 15th Ave,1,Sidewalk: Curb side : Cutout,Private,7/26/00,2000,14,,37.78127279,-122.4741073
16202,DPW Maintained,Trachycarpus fortunei :: Windmill Palm,500X Monterey Blvd,2,Median : Cutout,DPW,2/2/03,2003,12,5,37.73161781,-122.4465566
16201,DPW Maintained,Trachycarpus fortunei :: Windmill Palm,500X Monterey Blvd,1,Median : Cutout,DPW,2/2/03,2003,12,5,37.73161781,-122.4465566
16228,DPW Maintained,Trachycarpus fortunei :: Windmill Palm,564X Monterey Blvd,2,Median : Cutout,DPW,2/2/03,2003,12,5,37.73165714,-122.448079
16286,DPW Maintained,Trachycarpus fortunei :: Windmill Palm,700X Monterey Blvd,3,Median : Cutout,DPW,2/2/03,2003,12,5,37.7316223,-122.451171
16314,DPW Maintained,Trachycarpus fortunei :: Windmill Palm,758X Monterey Blvd,6,Median : Cutout,DPW,2/2/03,2003,12,5,37.73163641,-122.4524762
16313,DPW Maintained,Trachycarpus fortunei :: Windmill Palm,758X Monterey Blvd,5,Median : Cutout,DPW,2/2/03,2003,12,5,37.73163641,-122.4524762
30004,DPW Maintained,Trachycarpus fortunei :: Windmill Palm,610X San Jose Ave,16,Median : Cutout,DPW,3/24/07,2007,3,3x3,37.74623246,-122.4218637
84928,DPW Maintained,Trachycarpus fortunei :: Windmill Palm,1500@Polk Broadway,4,Sidewalk: Curb side : Cutout,Private,6/6/07,2007,6,,37.79598256,-122.4222358
83166,DPW Maintained,Trachycarpus fortunei :: Windmill Palm,1089 Gilman Ave,1,Sidewalk: Curb side : Cutout,Private,7/2/09,2009,7,3x3,37.71907445,-122.3898115
106452,Permitted Site,Trachycarpus fortunei :: Windmill Palm,56 Lucy St,1,Sidewalk: Curb side : Cutout,Private,4/28/14,2014,3,,37.73005181,-122.3935627
52305,Permitted Site,Trachycarpus fortunei :: Windmill Palm,715 Buena Vista Ave West,2,Sidewalk: Curb side : Cutout,Private,7/29/16,2016,3,,37.76775214,-122.4437156
253496,Planning Code 138.1 required,Trachycarpus fortunei :: Windmill Palm,1x Gordon St,14,Sidewalk: Curb side : Cutout,Private,9/12/17,2017,3,3x3,37.77369248,-122.4096587
253491,Planning Code 138.1 required,Trachycarpus fortunei :: Windmill Palm,1x Gordon St,9,Sidewalk: Curb side : Cutout,Private,9/12/17,2017,3,3x3,37.77369248,-122.4096587
253494,Planning Code 138.1 required,Trachycarpus fortunei :: Windmill Palm,1x Gordon St,12,Sidewalk: Curb side : Cutout,Private,9/12/17,2017,3,3x3,37.77369248,-122.4096587
253495,Planning Code 138.1 required,Trachycarpus fortunei :: Windmill Palm,1x Gordon St,13,Sidewalk: Curb side : Cutout,Private,9/12/17,2017,3,3x3,37.77369248,-122.4096587
238440,DPW Maintained,Washingtonia filifera :: California Fan Palm,701 Waller St,3,Sidewalk: Curb side : Cutout,Private,2/20/20,2020,2,Width 3ft,37.77044644,-122.4354924
264981,Permitted Site,Washingtonia filifera :: California Fan Palm,106X Grand View Ave,1,Sidewalk: Curb side : Cutout,Private,12/2/20,2020,3,4.5x5,37.75624228,-122.44021
62745,DPW Maintained,Washingtonia robusta :: Mexican Fan Palm,121 07th St,1,Sidewalk: Curb side : Cutout,Private,6/5/86,1986,13,,37.77856974,-122.4099485
637,Permitted Site,Washingtonia robusta :: Mexican Fan Palm,3205 24TH ST,1,Sidewalk: Curb side : Cutout,Private,4/1/91,1991,18,3X3,37.75230804,-122.4164088
15487,DPW Maintained,Washingtonia robusta :: Mexican Fan Palm,2637 Mission St,1,Sidewalk: Curb side : Cutout,DPW,8/13/92,1992,12,4X4,37.75479055,-122.4185938
666,DPW Maintained,Washingtonia robusta :: Mexican Fan Palm,3297X 24th St,2,Sidewalk: Curb side : Cutout,DPW,9/10/92,1992,18,4x4,37.75217377,-122.418389
15470,DPW Maintained,Washingtonia robusta :: Mexican Fan Palm,2467 Mission St,1,Sidewalk: Curb side : Cutout,Private,10/10/92,1992,12,4X4,37.75760639,-122.4188659
15450,DPW Maintained,Washingtonia robusta :: Mexican Fan Palm,2301 Mission St,1,Sidewalk: Curb side : Cutout,DPW,10/10/92,1992,12,4x4,37.76003136,-122.4190938
15453,DPW Maintained,Washingtonia robusta :: Mexican Fan Palm,2365 Mission St,1,Sidewalk: Curb side : Cutout,DPW,10/10/92,1992,12,4X4,37.7590664,-122.4190007
15543,DPW Maintained,Washingtonia robusta :: Mexican Fan Palm,2830 Mission St,1,Sidewalk: Curb side : Cutout,Private,9/8/94,1994,18,3X3,37.75171691,-122.4185182
21870,DPW Maintained,Washingtonia robusta :: Mexican Fan Palm,1900 03rd St,12,Sidewalk: Curb side : Cutout,DPW,1/25/95,1995,3,3X3,37.76562276,-122.3891199
21880,DPW Maintained,Washingtonia robusta :: Mexican Fan Palm,1900 03rd St,22,Sidewalk: Curb side : Cutout,DPW,1/25/95,1995,3,3X3,37.76500059,-122.38906
33556,DPW Maintained,Washingtonia robusta :: Mexican Fan Palm,2400 Fulton St,3,Sidewalk: Curb side : Cutout,Private,12/11/96,1996,12,,37.77459619,-122.4565324
15738,DPW Maintained,Washingtonia robusta :: Mexican Fan Palm,4516 Mission St,1,Sidewalk: Curb side : Cutout,Private,12/18/97,1997,12,3X3,37.72555467,-122.4342628
15742,DPW Maintained,Washingtonia robusta :: Mexican Fan Palm,4534 Mission St,1,Sidewalk: Curb side : Cutout,Private,11/22/99,1999,12,3X3,37.72544829,-122.4343417
15464,Permitted Site,Washingtonia robusta :: Mexican Fan Palm,2434 Mission St,1,Sidewalk: Curb side : Cutout,Private,12/21/00,2000,12,4X4,37.75809736,-122.4190538
15743,DPW Maintained,Washingtonia robusta :: Mexican Fan Palm,4545 Mission St,1,Sidewalk: Curb side : Cutout,Private,12/21/01,2001,12,3x3,37.72545255,-122.4340986
46765,DPW Maintained,Washingtonia robusta :: Mexican Fan Palm,46 Admiral Ave,1,Sidewalk: Curb side : Cutout,Private,4/25/02,2002,14,,37.73040399,-122.4308078
28413,DPW Maintained,Washingtonia robusta :: Mexican Fan Palm,530X Monterey Blvd,3,Median : Cutout,DPW,2/2/03,2003,12,5,37.7316257,-122.4472915
16289,DPW Maintained,Washingtonia robusta :: Mexican Fan Palm,700X Monterey Blvd,6,Median : Cutout,DPW,2/2/03,2003,18,5,37.7316223,-122.451171
49328,DPW Maintained,Washingtonia robusta :: Mexican Fan Palm,650 05th St,1,Sidewalk: Curb side : Cutout,Private,2/21/03,2003,19,,37.7757432,-122.3978823
49326,DPW Maintained,Washingtonia robusta :: Mexican Fan Palm,690 05th St,2,Sidewalk: Curb side : Cutout,Private,2/21/03,2003,16,,37.77548511,-122.3975639
28451,Permitted Site,Washingtonia robusta :: Mexican Fan Palm,1931 Ocean Ave,1,Sidewalk: Curb side : Cutout,Private,4/1/03,2003,18,3X3,37.72544867,-122.4629656
28481,Permitted Site,Washingtonia robusta :: Mexican Fan Palm,2073 Ocean Ave,1,Sidewalk: Curb side : Cutout,Private,4/1/03,2003,12,3x3,37.72635426,-122.4654018
28477,Permitted Site,Washingtonia robusta :: Mexican Fan Palm,2159X Ocean Ave,3,Sidewalk: Curb side : Cutout,Private,4/1/03,2003,18,3X3,37.72728896,-122.4669054
28440,Permitted Site,Washingtonia robusta :: Mexican Fan Palm,2325 Ocean Ave,2,Sidewalk: Curb side : Cutout,Private,4/1/03,2003,12,3X3,37.72953383,-122.468657
28431,Permitted Site,Washingtonia robusta :: Mexican Fan Palm,2439 Ocean Ave,2,Sidewalk: Curb side : Cutout,Private,4/1/03,2003,12,3X3,37.73036431,-122.470499
28405,DPW Maintained,Washingtonia robusta :: Mexican Fan Palm,1735 Ocean Ave,1,Sidewalk: Curb side : Cutout,DPW,4/1/03,2003,18,5X5,37.72455306,-122.4607874
28418,DPW Maintained,Washingtonia robusta :: Mexican Fan Palm,1942 Ocean Ave,1,Sidewalk: Curb side : Cutout,DPW,4/1/03,2003,18,3X3,37.72583941,-122.4634543
28483,DPW Maintained,Washingtonia robusta :: Mexican Fan Palm,2001 Ocean Ave,1,Sidewalk: Curb side : Cutout,DPW,4/1/03,2003,12,3X3,37.72599273,-122.4645567
28452,DPW Maintained,Washingtonia robusta :: Mexican Fan Palm,2070X Ocean Ave,1,Sidewalk: Curb side : Cutout,DPW,4/1/03,2003,12,3x3,37.72661404,-122.4655582
28467,DPW Maintained,Washingtonia robusta :: Mexican Fan Palm,2400X Ocean Ave,4,Sidewalk: Curb side : Cutout,DPW,4/1/03,2003,20,3X3,37.73038642,-122.4700758
28433,DPW Maintained,Washingtonia robusta :: Mexican Fan Palm,2425 Ocean Ave,3,Sidewalk: Curb side : Cutout,DPW,4/1/03,2003,12,3X3,37.73022497,-122.4701391
97689,DPW Maintained,Washingtonia robusta :: Mexican Fan Palm,290X Granada Ave,2,Sidewalk: Curb side : Cutout,DPW,4/1/03,2003,15,3x3,37.723789,-122.4570913
97690,DPW Maintained,Washingtonia robusta :: Mexican Fan Palm,290X Granada Ave,3,Sidewalk: Curb side : Cutout,DPW,4/1/03,2003,15,3x3,37.72380785,-122.4570903
28584,DPW Maintained,Washingtonia robusta :: Mexican Fan Palm,1150 Ocean Ave,10,Sidewalk: Curb side : Cutout,DPW,4/3/03,2003,18,3X3,37.72389989,-122.4558461
28560,DPW Maintained,Washingtonia robusta :: Mexican Fan Palm,4631 Mission St,1,Sidewalk: Curb side : Cutout,Private,8/8/03,2003,12,3x3,37.72398717,-122.4351907
28557,Permitted Site,Washingtonia robusta :: Mexican Fan Palm,4681 Mission St,1,Sidewalk: Curb side : Cutout,Private,8/8/03,2003,12,3X3,37.72338411,-122.435654
28555,DPW Maintained,Washingtonia robusta :: Mexican Fan Palm,4743 Mission St,1,Sidewalk: Curb side : Cutout,Private,8/8/03,2003,12,3X3,37.72242532,-122.4363902
28554,DPW Maintained,Washingtonia robusta :: Mexican Fan Palm,4753 Mission St,1,Sidewalk: Curb side : Cutout,Private,8/8/03,2003,12,3x3,37.7221527,-122.4365958
28552,DPW Maintained,Washingtonia robusta :: Mexican Fan Palm,4839 Mission St,1,Sidewalk: Curb side : Cutout,Private,8/8/03,2003,12,3x3,37.72090372,-122.4375401
28551,DPW Maintained,Washingtonia robusta :: Mexican Fan Palm,4885 Mission St,1,Sidewalk: Curb side : Cutout,Private,8/8/03,2003,12,3X3,37.72019817,-122.4380674
28550,DPW Maintained,Washingtonia robusta :: Mexican Fan Palm,4919 Mission St,1,Sidewalk: Curb side : Cutout,Private,8/8/03,2003,12,3X3,37.71961479,-122.4385216
28543,DPW Maintained,Washingtonia robusta :: Mexican Fan Palm,5050 Mission St,3,Sidewalk: Curb side : Cutout,Private,8/8/03,2003,14,3X3,37.7174907,-122.4403731
28545,DPW Maintained,Washingtonia robusta :: Mexican Fan Palm,5098 Mission St,1,Sidewalk: Curb side : Cutout,Private,8/8/03,2003,12,3X3,37.71688678,-122.4408366
28546,DPW Maintained,Washingtonia robusta :: Mexican Fan Palm,5125 Mission St,1,Sidewalk: Curb side : Cutout,Private,8/8/03,2003,12,3x3,37.71679079,-122.4406412
15823,DPW Maintained,Washingtonia robusta :: Mexican Fan Palm,5051 Mission St,3,Sidewalk: Curb side : Cutout,DPW,8/8/03,2003,12,3x3,37.71780122,-122.4398821
243949,DPW Maintained,Washingtonia robusta :: Mexican Fan Palm,10 South Van Ness Ave,2,Sidewalk: Curb side : Cutout,Private,7/14/04,2004,12,Width 5ft,37.77449516,-122.4192514
51396,Permitted Site,Washingtonia robusta :: Mexican Fan Palm,63 Lafayette St,2,Sidewalk: Curb side : Cutout,Private,10/13/04,2004,12,3x3,37.77290203,-122.4169068
84747,DPW Maintained,Washingtonia robusta :: Mexican Fan Palm,170 King St,4,Sidewalk: Curb side : Cutout,Private,5/4/07,2007,19,,37.77868611,-122.3913712
84749,DPW Maintained,Washingtonia robusta :: Mexican Fan Palm,170 King St,6,Sidewalk: Curb side : Cutout,Private,5/4/07,2007,21,,37.77861272,-122.3914641
84746,DPW Maintained,Washingtonia robusta :: Mexican Fan Palm,170 King St,3,Sidewalk: Curb side : Cutout,Private,5/4/07,2007,22,,37.77871466,-122.3913317
28583,DPW Maintained,Washingtonia robusta :: Mexican Fan Palm,1100 Ocean Ave,4,Sidewalk: Curb side : Cutout,DPW,6/29/07,2007,18,4X4,37.72330642,-122.4530591
87716,DPW Maintained,Washingtonia robusta :: Mexican Fan Palm,1490 Ocean Ave,2,Sidewalk: Curb side : Cutout,DPW,6/29/07,2007,18,3x4,37.72451505,-122.4578904
28419,DPW Maintained,Washingtonia robusta :: Mexican Fan Palm,1942 Ocean Ave,2,Sidewalk: Curb side : Cutout,DPW,6/29/07,2007,18,3X3,37.72588785,-122.4634923
65881,DPW Maintained,Washingtonia robusta :: Mexican Fan Palm,122 Palm Ave,1,Sidewalk: Curb side : Cutout,Private,10/28/10,2010,19,3x3,37.7831713,-122.4577759
28422,Permitted Site,Washingtonia robusta :: Mexican Fan Palm,2230 Ocean Ave,3,Sidewalk: Curb side : Cutout,Private,5/28/12,2012,12,3x3,37.72860754,-122.4677176
15777,DPW Maintained,Washingtonia robusta :: Mexican Fan Palm,4826 Mission St,1,Sidewalk: Curb side : Cutout,Private,2/2/13,2013,14,3X3,37.72090916,-122.4377701
108808,Permitted Site,Washingtonia robusta :: Mexican Fan Palm,542 Moscow St,,Sidewalk: Curb side : Cutout,Private,1/6/15,2015,3,3x3,37.7190627,-122.4293719
109279,DPW Maintained,Washingtonia robusta :: Mexican Fan Palm,4205 Lawton St,1,Sidewalk: Curb side : Cutout,Private,2/5/15,2015,3,3x3,37.75642471,-122.5080352
15784,DPW Maintained,Washingtonia robusta :: Mexican Fan Palm,4840 Mission St,4,Sidewalk: Curb side : Cutout,DPW,12/2/15,2015,3,3X3,37.72044496,-122.4381267
254535,Significant Tree,Washingtonia robusta :: Mexican Fan Palm,737 Buena Vista Ave West,1,Front Yard : Yard,Private,2/27/18,2018,3,10X10,37.76804925,-122.443608
203206,Planning Code 138.1 required,Washingtonia robusta :: Mexican Fan Palm,189 Hubbell St,7,Sidewalk: Curb side : Cutout,Private,3/20/18,2018,3,Width 4ft,37.76694393,-122.3976775
199441,Planning Code 138.1 required,Washingtonia robusta :: Mexican Fan Palm,189 Hubbell St,19,Sidewalk: Curb side : Cutout,Private,3/20/18,2018,3,Width 4ft,37.76762576,-122.3968241
199442,Planning Code 138.1 required,Washingtonia robusta :: Mexican Fan Palm,189 Hubbell St,20,Sidewalk: Curb side : Cutout,Private,3/20/18,2018,3,Width 4ft,37.76766843,-122.3967732
203203,Planning Code 138.1 required,Washingtonia robusta :: Mexican Fan Palm,189 Hubbell St,4,Sidewalk: Curb side : Cutout,Private,3/20/18,2018,3,Width 4ft,37.76662113,-122.398093